epoch,time,train/box_loss,train/cls_loss,train/dfl_loss,metrics/precision(B),metrics/recall(B),metrics/mAP50(B),metrics/mAP50-95(B),val/box_loss,val/cls_loss,val/dfl_loss,lr/pg0,lr/pg1,lr/pg2,lr/pg3,lr/pg4,lr/pg5,lr/pg6,lr/pg7
1,15.6715,1.00309,2.56,1.46599,0.00389,1,0.22711,0.08998,0.2952,2.96574,1.04326,6e-05,2e-05,6e-05,2e-05,6e-05,2e-05,6e-05,2e-05
2,18.2571,0.89375,2.52762,1.3714,0.00389,1,0.20996,0.08726,0.29247,2.97667,1.03696,0.000177773,5.92575e-05,0.000177773,5.92575e-05,0.000177773,5.92575e-05,0.000177773,5.92575e-05
3,20.7771,0.92301,2.57013,1.44267,0.00389,1,0.16185,0.07967,0.28779,2.98534,1.03641,0.000292575,9.7525e-05,0.000292575,9.7525e-05,0.000292575,9.7525e-05,0.000292575,9.7525e-05
4,23.0207,0.9758,2.56269,1.48131,0.00389,1,0.27006,0.09407,0.29325,2.98684,1.03688,0.000404408,0.000134803,0.000404408,0.000134803,0.000404408,0.000134803,0.000404408,0.000134803
5,25.3437,0.72311,2.4624,1.22336,0.00389,1,0.24229,0.0839,0.29662,2.98866,1.03666,0.00051327,0.00017109,0.00051327,0.00017109,0.00051327,0.00017109,0.00051327,0.00017109
6,27.542,0.8857,2.54471,1.37285,0.00389,1,0.13342,0.06614,0.29608,2.99065,1.03478,0.000619162,0.000206388,0.000619162,0.000206388,0.000619162,0.000206388,0.000619162,0.000206388
7,29.8369,0.97307,2.59883,1.43592,0.00389,1,0.17612,0.08204,0.29477,2.99887,1.03445,0.000722085,0.000240695,0.000722085,0.000240695,0.000722085,0.000240695,0.000722085,0.000240695
8,32.1318,0.85718,2.5173,1.35295,0.00389,1,0.21087,0.08103,0.297,3.00227,1.03442,0.000822037,0.000274012,0.000822037,0.000274012,0.000822037,0.000274012,0.000822037,0.000274012
9,34.3382,0.88122,2.53029,1.34377,0.00389,1,0.27311,0.09552,0.29636,3.00314,1.04035,0.00091902,0.00030634,0.00091902,0.00030634,0.00091902,0.00030634,0.00091902,0.00030634
10,36.589,0.73876,2.45919,1.29213,0.00389,1,0.25831,0.08969,0.30127,3.01091,1.04496,0.00101303,0.000337677,0.00101303,0.000337677,0.00101303,0.000337677,0.00101303,0.000337677
11,38.8169,0.65255,2.47416,1.20153,0.00389,1,0.25403,0.0971,0.31569,3.01813,1.04579,0.00110407,0.000368025,0.00110407,0.000368025,0.00110407,0.000368025,0.00110407,0.000368025
12,40.9705,0.71947,2.45842,1.30568,0.00389,1,0.24153,0.10607,0.33473,3.02737,1.0703,0.00119215,0.000397383,0.00119215,0.000397383,0.00119215,0.000397383,0.00119215,0.000397383
13,43.2205,0.65458,2.44276,1.20948,0.00389,1,0.2438,0.11823,0.34126,3.03025,1.09171,0.00127725,0.00042575,0.00127725,0.00042575,0.00127725,0.00042575,0.00127725,0.00042575
14,45.4273,0.62146,2.41832,1.20362,0.00389,1,0.24154,0.12742,0.34758,3.042,1.0885,0.00135938,0.000453128,0.00135938,0.000453128,0.00135938,0.000453128,0.00135938,0.000453128
15,47.6311,0.62233,2.39971,1.23926,0.00389,1,0.25038,0.13244,0.34346,3.04695,1.08619,0.00143854,0.000479515,0.00143854,0.000479515,0.00143854,0.000479515,0.00143854,0.000479515
16,49.8265,0.58963,2.42548,1.17515,0.00389,1,0.25467,0.14465,0.33987,3.0496,1.10121,0.00151474,0.000504913,0.00151474,0.000504913,0.00151474,0.000504913,0.00151474,0.000504913
17,52.0438,0.5455,2.37942,1.1826,0.00389,1,0.4149,0.19727,0.32769,3.04016,1.10963,0.00158796,0.00052932,0.00158796,0.00052932,0.00158796,0.00052932,0.00158796,0.00052932
18,54.1844,0.58153,2.32784,1.24724,0.00389,1,0.41171,0.20804,0.32982,3.04681,1.10261,0.00165821,0.000552738,0.00165821,0.000552738,0.00165821,0.000552738,0.00165821,0.000552738
19,56.4066,0.52593,2.33011,1.19718,0.00389,1,0.43481,0.20033,0.32935,3.04738,1.1094,0.0017255,0.000575165,0.0017255,0.000575165,0.0017255,0.000575165,0.0017255,0.000575165
20,58.5762,0.53331,2.27433,1.11666,0.00389,1,0.44882,0.2139,0.33268,3.05063,1.11046,0.00178981,0.000596603,0.00178981,0.000596603,0.00178981,0.000596603,0.00178981,0.000596603
21,60.6993,0.45243,2.22701,1.14381,0.00389,1,0.45633,0.24791,0.33144,3.05068,1.11649,0.00185115,0.00061705,0.00185115,0.00061705,0.00185115,0.00061705,0.00185115,0.00061705
22,62.9635,0.50016,2.28324,1.16901,0.00389,1,0.47682,0.25495,0.33287,3.04072,1.13068,0.00190952,0.000636507,0.00190952,0.000636507,0.00190952,0.000636507,0.00190952,0.000636507
23,65.1769,0.45765,2.19425,1.14868,0.00389,1,0.43148,0.2986,0.33223,3.02912,1.122,0.00196492,0.000654975,0.00196492,0.000654975,0.00196492,0.000654975,0.00196492,0.000654975
24,67.4142,0.46716,2.2427,1.13334,0.00389,1,0.48623,0.32557,0.33894,3.02157,1.1574,0.00201736,0.000672452,0.00201736,0.000672452,0.00201736,0.000672452,0.00201736,0.000672452
25,69.6914,0.44683,2.17736,1.1077,0.00389,1,0.52665,0.41019,0.33044,2.99941,1.15741,0.00206682,0.00068894,0.00206682,0.00068894,0.00206682,0.00068894,0.00206682,0.00068894
26,71.9238,0.5651,2.18929,1.20187,0.00389,1,0.59029,0.45538,0.32825,2.99658,1.14538,0.00211331,0.000704437,0.00211331,0.000704437,0.00211331,0.000704437,0.00211331,0.000704437
27,74.1694,0.55358,2.17448,1.2138,0.00389,1,0.6329,0.49471,0.35031,2.97959,1.1493,0.00215684,0.000718945,0.00215684,0.000718945,0.00215684,0.000718945,0.00215684,0.000718945
28,76.2535,0.54754,2.14588,1.19998,0.00389,1,0.6329,0.49471,0.35031,2.97959,1.1493,0.00219739,0.000732463,0.00219739,0.000732463,0.00219739,0.000732463,0.00219739,0.000732463
29,78.5906,0.4843,2.0815,1.12091,0.00389,1,0.65913,0.5337,0.35534,2.97398,1.13988,0.00223497,0.00074499,0.00223497,0.00074499,0.00223497,0.00074499,0.00223497,0.00074499
30,80.7359,0.4665,1.99031,1.08449,0.00389,1,0.67709,0.55448,0.35774,2.94378,1.12935,0.00226958,0.000756527,0.00226958,0.000756527,0.00226958,0.000756527,0.00226958,0.000756527
31,82.9364,0.48445,2.01578,1.10446,0.00389,1,0.67709,0.55448,0.35774,2.94378,1.12935,0.00230123,0.000767075,0.00230123,0.000767075,0.00230123,0.000767075,0.00230123,0.000767075
32,85.1707,0.51563,1.96747,1.14206,0.00389,1,0.70472,0.59089,0.38215,2.91182,1.13365,0.0023299,0.000776633,0.0023299,0.000776633,0.0023299,0.000776633,0.0023299,0.000776633
33,87.5043,0.53784,2.00789,1.13308,0.00389,1,0.74132,0.66055,0.37605,2.87665,1.14461,0.0023556,0.0007852,0.0023556,0.0007852,0.0023556,0.0007852,0.0023556,0.0007852
34,89.6057,0.52002,1.89953,1.16535,0.00389,1,0.74132,0.66055,0.37605,2.87665,1.14461,0.00237833,0.000792777,0.00237833,0.000792777,0.00237833,0.000792777,0.00237833,0.000792777
35,91.8658,0.46147,1.83956,1.11918,0.00389,1,0.76783,0.70163,0.3877,2.83729,1.18678,0.0023981,0.000799365,0.0023981,0.000799365,0.0023981,0.000799365,0.0023981,0.000799365
36,94.0682,0.4249,1.82787,1.07711,0.00389,1,0.776,0.70571,0.42112,2.77233,1.19782,0.00241489,0.000804962,0.00241489,0.000804962,0.00241489,0.000804962,0.00241489,0.000804962
37,96.1786,0.39994,1.79105,1.0967,0.00389,1,0.776,0.70571,0.42112,2.77233,1.19782,0.00242871,0.00080957,0.00242871,0.00080957,0.00242871,0.00080957,0.00242871,0.00080957
38,98.5703,0.45013,1.79304,1.06722,0.50551,0.85714,0.80944,0.73713,0.4563,2.74631,1.22572,0.00243956,0.000813187,0.00243956,0.000813187,0.00243956,0.000813187,0.00243956,0.000813187
39,100.858,0.40158,1.70945,1.06673,0.67982,0.30826,0.79233,0.70565,0.52993,2.68864,1.26113,0.00244744,0.000815815,0.00244744,0.000815815,0.00244744,0.000815815,0.00244744,0.000815815
40,102.999,0.35331,1.59254,1.02882,0.67982,0.30826,0.79233,0.70565,0.52993,2.68864,1.26113,0.00245236,0.000817452,0.00245236,0.000817452,0.00245236,0.000817452,0.00245236,0.000817452
41,105.291,0.48064,1.59414,1.10486,1,0.41873,0.86667,0.79319,0.49183,2.63663,1.23632,0.0024543,0.0008181,0.0024543,0.0008181,0.0024543,0.0008181,0.0024543,0.0008181
42,107.562,0.39817,1.63432,1.06754,0.93088,0.57143,0.86667,0.78118,0.52424,2.5714,1.2311,0.00245327,0.000817758,0.00245327,0.000817758,0.00245327,0.000817758,0.00245327,0.000817758
43,109.604,0.47381,1.6364,1.12661,0.93088,0.57143,0.86667,0.78118,0.52424,2.5714,1.2311,0.00244927,0.000816425,0.00244927,0.000816425,0.00244927,0.000816425,0.00244927,0.000816425
44,111.935,0.41439,1.4551,1.08994,0.82906,0.57143,0.885,0.80288,0.54786,2.45588,1.22661,0.00244231,0.000814102,0.00244231,0.000814102,0.00244231,0.000814102,0.00244231,0.000814102
45,114.098,0.40069,1.48135,1.04435,0.82906,0.57143,0.885,0.80288,0.54786,2.45588,1.22661,0.00243237,0.00081079,0.00243237,0.00081079,0.00243237,0.00081079,0.00243237,0.00081079
46,116.594,0.47179,1.53608,1.10144,0.81838,0.57143,0.885,0.81216,0.51517,2.34952,1.24156,0.00241946,0.000806487,0.00241946,0.000806487,0.00241946,0.000806487,0.00241946,0.000806487
47,118.634,0.45361,1.49355,1.08313,0.81838,0.57143,0.885,0.81216,0.51517,2.34952,1.24156,0.00240359,0.000801195,0.00240359,0.000801195,0.00240359,0.000801195,0.00240359,0.000801195
48,121.01,0.41022,1.45732,1.07953,0.94762,0.71429,0.89625,0.80952,0.48046,2.26235,1.20109,0.00238474,0.000794913,0.00238474,0.000794913,0.00238474,0.000794913,0.00238474,0.000794913
49,123.173,0.36745,1.29955,1.02788,0.94762,0.71429,0.89625,0.80952,0.48046,2.26235,1.20109,0.00236292,0.00078764,0.00236292,0.00078764,0.00236292,0.00078764,0.00236292,0.00078764
50,125.534,0.37829,1.30987,1.03697,1,0.75767,0.92033,0.83245,0.45128,2.19206,1.17036,0.00233813,0.000779377,0.00233813,0.000779377,0.00233813,0.000779377,0.00233813,0.000779377
51,127.59,0.45605,1.36962,1.12378,1,0.75767,0.92033,0.83245,0.45128,2.19206,1.17036,0.0022875,0.0007625,0.0022875,0.0007625,0.0022875,0.0007625,0.0022875,0.0007625
52,129.908,0.41867,1.38807,1.04374,1,0.71051,0.925,0.85021,0.43098,2.13297,1.19256,0.00221325,0.00073775,0.00221325,0.00073775,0.00221325,0.00073775,0.00221325,0.00073775
53,131.991,0.4467,1.44918,1.04596,1,0.71051,0.925,0.85021,0.43098,2.13297,1.19256,0.002139,0.000713,0.002139,0.000713,0.002139,0.000713,0.002139,0.000713
54,134.619,0.43747,1.25944,1.07807,1,0.6956,0.905,0.8324,0.40061,2.10447,1.19586,0.00206475,0.00068825,0.00206475,0.00068825,0.00206475,0.00068825,0.00206475,0.00068825
55,136.851,0.41124,1.2521,1.09996,1,0.6956,0.905,0.8324,0.40061,2.10447,1.19586,0.0019905,0.0006635,0.0019905,0.0006635,0.0019905,0.0006635,0.0019905,0.0006635
56,139.176,0.33506,1.21041,0.9904,1,0.69425,0.89,0.80867,0.41748,2.10191,1.21764,0.00191625,0.00063875,0.00191625,0.00063875,0.00191625,0.00063875,0.00191625,0.00063875
57,141.309,0.4557,1.19355,1.06196,1,0.69425,0.89,0.80867,0.41748,2.10191,1.21764,0.001842,0.000614,0.001842,0.000614,0.001842,0.000614,0.001842,0.000614
58,143.886,0.39284,1.22036,1.05086,0.97329,0.57143,0.8447,0.79099,0.46829,2.11392,1.24136,0.00176775,0.00058925,0.00176775,0.00058925,0.00176775,0.00058925,0.00176775,0.00058925
59,146.024,0.35146,1.19026,1.03189,0.97329,0.57143,0.8447,0.79099,0.46829,2.11392,1.24136,0.0016935,0.0005645,0.0016935,0.0005645,0.0016935,0.0005645,0.0016935,0.0005645
60,148.544,0.31839,1.12074,0.98782,0.97331,0.57143,0.83046,0.77814,0.49531,2.14596,1.26241,0.00161925,0.00053975,0.00161925,0.00053975,0.00161925,0.00053975,0.00161925,0.00053975
61,150.65,0.38911,1.11373,1.04492,0.97331,0.57143,0.83046,0.77814,0.49531,2.14596,1.26241,0.001545,0.000515,0.001545,0.000515,0.001545,0.000515,0.001545,0.000515
62,153.138,0.40693,1.15861,1.06686,0.97362,0.57143,0.83046,0.76314,0.52608,2.13161,1.27736,0.00147075,0.00049025,0.00147075,0.00049025,0.00147075,0.00049025,0.00147075,0.00049025
63,155.313,0.34687,1.1339,1.00308,0.97362,0.57143,0.83046,0.76314,0.52608,2.13161,1.27736,0.0013965,0.0004655,0.0013965,0.0004655,0.0013965,0.0004655,0.0013965,0.0004655
64,157.925,0.43713,1.17591,1.07142,0.82392,0.67395,0.85269,0.78958,0.52483,2.13404,1.27335,0.00132225,0.00044075,0.00132225,0.00044075,0.00132225,0.00044075,0.00132225,0.00044075
65,160.162,0.37579,1.0327,1.01858,0.82392,0.67395,0.85269,0.78958,0.52483,2.13404,1.27335,0.001248,0.000416,0.001248,0.000416,0.001248,0.000416,0.001248,0.000416
66,162.636,0.37699,0.98418,1.07143,0.8407,0.75848,0.85269,0.7875,0.50629,2.07627,1.25516,0.00117375,0.00039125,0.00117375,0.00039125,0.00117375,0.00039125,0.00117375,0.00039125
67,164.843,0.38331,1.13553,1.03796,0.8407,0.75848,0.85269,0.7875,0.50629,2.07627,1.25516,0.0010995,0.0003665,0.0010995,0.0003665,0.0010995,0.0003665,0.0010995,0.0003665
68,167.336,0.46604,1.10592,1.10048,0.84986,0.81347,0.86658,0.80667,0.45822,2.01295,1.23044,0.00102525,0.00034175,0.00102525,0.00034175,0.00102525,0.00034175,0.00102525,0.00034175
69,169.48,0.37253,1.12956,0.96944,0.84986,0.81347,0.86658,0.80667,0.45822,2.01295,1.23044,0.000951,0.000317,0.000951,0.000317,0.000951,0.000317,0.000951,0.000317
70,172.079,0.37115,1.10431,0.99715,0.85318,0.83334,0.88658,0.85065,0.40066,1.97868,1.18029,0.00087675,0.00029225,0.00087675,0.00029225,0.00087675,0.00029225,0.00087675,0.00029225
71,174.538,0.39897,1.56328,1.0468,0.85318,0.83334,0.88658,0.85065,0.40066,1.97868,1.18029,0.0008025,0.0002675,0.0008025,0.0002675,0.0008025,0.0002675,0.0008025,0.0002675
72,177.207,0.4285,1.54391,1.04042,0.85324,0.8337,0.87583,0.84742,0.40573,1.92031,1.1688,0.00072825,0.00024275,0.00072825,0.00024275,0.00072825,0.00024275,0.00072825,0.00024275
73,179.422,0.46803,1.51588,1.13086,0.85324,0.8337,0.87583,0.84742,0.40573,1.92031,1.1688,0.000654,0.000218,0.000654,0.000218,0.000654,0.000218,0.000654,0.000218
74,181.74,0.44116,1.57993,1.07228,0.85327,0.83388,0.90033,0.83523,0.41416,1.84314,1.18159,0.00057975,0.00019325,0.00057975,0.00019325,0.00057975,0.00019325,0.00057975,0.00019325
75,183.741,0.41132,1.64848,1.04587,0.85327,0.83388,0.90033,0.83523,0.41416,1.84314,1.18159,0.0005055,0.0001685,0.0005055,0.0001685,0.0005055,0.0001685,0.0005055,0.0001685
76,186.109,0.3927,1.60419,1.03617,0.85311,0.83297,0.89265,0.8408,0.458,1.77477,1.21045,0.00043125,0.00014375,0.00043125,0.00014375,0.00043125,0.00014375,0.00043125,0.00014375
77,188.157,0.34417,1.48944,1.01182,0.85311,0.83297,0.89265,0.8408,0.458,1.77477,1.21045,0.000357,0.000119,0.000357,0.000119,0.000357,0.000119,0.000357,0.000119
78,190.581,0.47704,1.57608,1.08399,1,0.68912,0.87444,0.82131,0.43017,1.72075,1.17273,0.00028275,9.425e-05,0.00028275,9.425e-05,0.00028275,9.425e-05,0.00028275,9.425e-05
79,192.666,0.59062,1.87843,1.13551,1,0.68912,0.87444,0.82131,0.43017,1.72075,1.17273,0.0002085,6.95e-05,0.0002085,6.95e-05,0.0002085,6.95e-05,0.0002085,6.95e-05
80,195.06,0.52097,1.72614,1.1339,0.74253,0.85714,0.862,0.8336,0.40678,1.70338,1.16481,0.00013425,4.475e-05,0.00013425,4.475e-05,0.00013425,4.475e-05,0.00013425,4.475e-05
